Upper,Left
,0.040858814715828334,-0.039180051285822234,-66.0,394.0,164.0,230.0,", "
Lower,Left
Lower,Right
Upper,Right
